{"cameraMode":{"drawMode":0,"name":"Shaded","section":"Shading Mode"},"sceneLighting":true,"audioPlay":false,"sceneViewState":{"showFog":true,"showMaterialUpdate":true,"showSkybox":true,"showFlares":true,"showImageEffects":true,"showParticleSystems":true},"in2DMode":false,"pivot":{"x":4.050766944885254,"y":-4.847005844116211,"z":-2.0820655822753908},"rotation":{"x":0.3623659014701843,"y":-0.3485608994960785,"z":0.14832061529159547,"w":0.8515881896018982},"size":2.8578836917877199,"orthographic":false}